id,title,category,description,daily_rate,location,vendor_id,specifications,compliance,availability_status,next_available,images,created_at,updated_at
eq_001,19' Electric Scissor Lift,aerial_equipment,19' Electric Scissor Lift,285,Houston TX,comp_001,"{""height"":""19 feet"",""platform_capacity"":""500 lbs"",""power"":""electric"",""drive"":""electric"",""group"":""SS19"",""make"":""GE"",""manufacturer"":""Genie/JLG"",""model"":""GS-1930/19305""}","{""certifications"":[""ANSI A92"",""CE Marking""],""safetyRating"":""A"",""lastInspection"":""2024-11-01""}",available,,"{""primary"":""https://images.unsplash.com/photo-1581092921461-eab62e97a780?w=400&h=300&fit=crop""}",2024-01-15T10:00:00Z,2024-01-15T10:00:00Z
eq_002,26' Electric Scissor Lift,aerial_equipment,26' Electric Scissor Lift,325,Houston TX,comp_001,"{""height"":""26 feet"",""platform_capacity"":""750 lbs"",""power"":""electric"",""drive"":""electric"",""group"":""SS26"",""make"":""GE"",""manufacturer"":""Genie/JLG"",""model"":""GS-2632/2630E/2640ES""}","{""certifications"":[""ANSI A92"",""CE Marking""],""safetyRating"":""A"",""lastInspection"":""2024-11-01""}",available,,"{""primary"":""https://images.unsplash.com/photo-1581092921461-eab62e97a780?w=400&h=300&fit=crop""}",2024-01-15T10:00:00Z,2024-01-15T10:00:00Z
eq_003,32' Electric Scissor Lift,aerial_equipment,32' Electric Scissor Lift,385,Houston TX,comp_001,"{""height"":""32 feet"",""platform_capacity"":""750 lbs"",""power"":""electric"",""drive"":""electric"",""group"":""SS32"",""make"":""GE"",""manufacturer"":""Genie"",""model"":""GS-3246/3246ES""}","{""certifications"":[""ANSI A92"",""CE Marking""],""safetyRating"":""A"",""lastInspection"":""2024-11-01""}",rented,2024-12-15T08:00:00Z,"{""primary"":""https://images.unsplash.com/photo-1581092921461-eab62e97a780?w=400&h=300&fit=crop""}",2024-01-15T10:00:00Z,2024-01-15T10:00:00Z
eq_004,26' Rough Terrain Scissor Lift,aerial_equipment,26' Rough Terrain Scissor Lift,395,Beaumont TX,comp_002,"{""height"":""26 feet"",""platform_capacity"":""750 lbs"",""power"":""diesel"",""drive"":""4WD"",""group"":""SR26"",""make"":""GE"",""manufacturer"":""Genie"",""model"":""GS-2668""}","{""certifications"":[""ANSI A92"",""CE Marking""],""safetyRating"":""A"",""lastInspection"":""2024-10-15""}",available,,"{""primary"":""https://images.unsplash.com/photo-1581092921461-eab62e97a780?w=400&h=300&fit=crop""}",2024-01-15T10:00:00Z,2024-01-15T10:00:00Z
eq_005,32' Rough Terrain Scissor Lift,aerial_equipment,32' Rough Terrain Scissor Lift,445,Beaumont TX,comp_002,"{""height"":""32 feet"",""platform_capacity"":""750 lbs"",""power"":""diesel"",""drive"":""4WD"",""group"":""SR32"",""make"":""GE"",""manufacturer"":""Genie"",""model"":""GS-3269""}","{""certifications"":[""ANSI A92"",""CE Marking""],""safetyRating"":""A"",""lastInspection"":""2024-10-15""}",available,,"{""primary"":""https://images.unsplash.com/photo-1581092921461-eab62e97a780?w=400&h=300&fit=crop""}",2024-01-15T10:00:00Z,2024-01-15T10:00:00Z
eq_006,53' Rough Terrain Scissor Lift,aerial_equipment,53' Rough Terrain Scissor Lift,625,Beaumont TX,comp_002,"{""height"":""53 feet"",""platform_capacity"":""500 lbs"",""power"":""diesel"",""drive"":""4WD"",""group"":""SR50"",""make"":""GE"",""manufacturer"":""Genie"",""model"":""GS-5390""}","{""certifications"":[""ANSI A92"",""CE Marking""],""safetyRating"":""A"",""lastInspection"":""2024-10-15""}",available,,"{""primary"":""https://images.unsplash.com/photo-1581092921461-eab62e97a780?w=400&h=300&fit=crop""}",2024-01-15T10:00:00Z,2024-01-15T10:00:00Z
eq_007,36' Straight Boom - Towable,aerial_equipment,36' Straight Boom - Towable,385,Port Arthur TX,comp_003,"{""height"":""36 feet"",""horizontal_reach"":""20 feet"",""platform_capacity"":""500 lbs"",""power"":""diesel"",""towable"":true,""group"":""BT36"",""make"":""WF"",""manufacturer"":""Bil-Jax"",""model"":""3632T""}","{""certifications"":[""ANSI A92"",""DOT Compliant""],""safetyRating"":""A"",""lastInspection"":""2024-09-20""}",available,,"{""primary"":""https://images.unsplash.com/photo-1581092921461-eab62e97a780?w=400&h=300&fit=crop""}",2024-01-15T10:00:00Z,2024-01-15T10:00:00Z
eq_008,50' Articulated Boom - Towable,aerial_equipment,50' Articulated Boom - Towable,485,Port Arthur TX,comp_003,"{""height"":""50 feet"",""horizontal_reach"":""25 feet"",""platform_capacity"":""500 lbs"",""power"":""diesel"",""towable"":true,""group"":""BT50"",""make"":""JL"",""manufacturer"":""JLG/WF"",""model"":""T500J/Bil-Jax""}","{""certifications"":[""ANSI A92"",""DOT Compliant""],""safetyRating"":""A"",""lastInspection"":""2024-09-20""}",rented,2024-12-20T08:00:00Z,"{""primary"":""https://images.unsplash.com/photo-1581092921461-eab62e97a780?w=400&h=300&fit=crop""}",2024-01-15T10:00:00Z,2024-01-15T10:00:00Z
eq_009,30' Articulated Boom,aerial_equipment,30' Articulated Boom,425,Port Arthur TX,comp_003,"{""height"":""30 feet"",""horizontal_reach"":""17 feet"",""platform_capacity"":""500 lbs"",""power"":""diesel"",""drive"":""4WD"",""group"":""BA30"",""make"":""GE"",""manufacturer"":""Genie/JLG""}","{""certifications"":[""ANSI A92"",""CE Marking""],""safetyRating"":""A"",""lastInspection"":""2024-09-20""}",available,,"{""primary"":""https://images.unsplash.com/photo-1581092921461-eab62e97a780?w=400&h=300&fit=crop""}",2024-01-15T10:00:00Z,2024-01-15T10:00:00Z
eq_010,45' Articulated Boom,aerial_equipment,45' Articulated Boom,525,Port Arthur TX,comp_003,"{""height"":""45 feet"",""horizontal_reach"":""25 feet"",""platform_capacity"":""500 lbs"",""power"":""diesel"",""drive"":""4WD"",""group"":""BA45"",""make"":""GE"",""manufacturer"":""Genie"",""model"":""Z-45""}","{""certifications"":[""ANSI A92"",""CE Marking""],""safetyRating"":""A"",""lastInspection"":""2024-09-20""}",available,,"{""primary"":""https://images.unsplash.com/photo-1581092921461-eab62e97a780?w=400&h=300&fit=crop""}",2024-01-15T10:00:00Z,2024-01-15T10:00:00Z
eq_011,60' Articulated Boom,aerial_equipment,60' Articulated Boom,685,Port Arthur TX,comp_003,"{""height"":""60 feet"",""horizontal_reach"":""35 feet"",""platform_capacity"":""500 lbs"",""power"":""diesel"",""drive"":""4WD"",""group"":""BA60"",""make"":""GE"",""manufacturer"":""Genie"",""model"":""Z-60/34""}","{""certifications"":[""ANSI A92"",""CE Marking""],""safetyRating"":""A"",""lastInspection"":""2024-09-20""}",available,,"{""primary"":""https://images.unsplash.com/photo-1581092921461-eab62e97a780?w=400&h=300&fit=crop""}",2024-01-15T10:00:00Z,2024-01-15T10:00:00Z
eq_012,80' Articulated Boom,aerial_equipment,80' Articulated Boom,925,Port Arthur TX,comp_003,"{""height"":""80 feet"",""horizontal_reach"":""50 feet"",""platform_capacity"":""500 lbs"",""power"":""diesel"",""drive"":""4WD"",""group"":""BA80"",""make"":""JL"",""manufacturer"":""JLG"",""model"":""800AJ""}","{""certifications"":[""ANSI A92"",""CE Marking""],""safetyRating"":""A"",""lastInspection"":""2024-09-20""}",maintenance,2024-12-10T08:00:00Z,"{""primary"":""https://images.unsplash.com/photo-1581092921461-eab62e97a780?w=400&h=300&fit=crop""}",2024-01-15T10:00:00Z,2024-01-15T10:00:00Z
eq_013,40' Straight Boom,aerial_equipment,40' Straight Boom,485,Houston TX,comp_001,"{""height"":""40 feet"",""horizontal_reach"":""22 feet"",""platform_capacity"":""500 lbs"",""power"":""diesel"",""drive"":""4WD"",""group"":""BS40"",""make"":""GE"",""manufacturer"":""Genie"",""model"":""S-40""}","{""certifications"":[""ANSI A92"",""CE Marking""],""safetyRating"":""A"",""lastInspection"":""2024-11-01""}",available,,"{""primary"":""https://images.unsplash.com/photo-1581092921461-eab62e97a780?w=400&h=300&fit=crop""}",2024-01-15T10:00:00Z,2024-01-15T10:00:00Z
eq_014,45' Straight Boom,aerial_equipment,45' Straight Boom,525,Houston TX,comp_001,"{""height"":""45 feet"",""horizontal_reach"":""25 feet"",""platform_capacity"":""500 lbs"",""power"":""diesel"",""drive"":""4WD"",""group"":""BS46"",""make"":""GE"",""manufacturer"":""Genie"",""model"":""S-45""}","{""certifications"":[""ANSI A92"",""CE Marking""],""safetyRating"":""A"",""lastInspection"":""2024-11-01""}",available,,"{""primary"":""https://images.unsplash.com/photo-1581092921461-eab62e97a780?w=400&h=300&fit=crop""}",2024-01-15T10:00:00Z,2024-01-15T10:00:00Z
eq_015,60' Straight Boom,aerial_equipment,60' Straight Boom,685,Houston TX,comp_001,"{""height"":""60 feet"",""horizontal_reach"":""35 feet"",""platform_capacity"":""500 lbs"",""power"":""diesel"",""drive"":""4WD"",""group"":""BS60"",""make"":""GE"",""manufacturer"":""Genie"",""model"":""S-60""}","{""certifications"":[""ANSI A92"",""CE Marking""],""safetyRating"":""A"",""lastInspection"":""2024-11-01""}",rented,2024-12-25T08:00:00Z,"{""primary"":""https://images.unsplash.com/photo-1581092921461-eab62e97a780?w=400&h=300&fit=crop""}",2024-01-15T10:00:00Z,2024-01-15T10:00:00Z
eq_016,65' Straight Boom,aerial_equipment,65' Straight Boom,725,Houston TX,comp_001,"{""height"":""65 feet"",""horizontal_reach"":""40 feet"",""platform_capacity"":""500 lbs"",""power"":""diesel"",""drive"":""4WD"",""group"":""BS65"",""make"":""GE"",""manufacturer"":""Genie/JLG"",""model"":""S-65/660SJ""}","{""certifications"":[""ANSI A92"",""CE Marking""],""safetyRating"":""A"",""lastInspection"":""2024-11-01""}",available,,"{""primary"":""https://images.unsplash.com/photo-1581092921461-eab62e97a780?w=400&h=300&fit=crop""}",2024-01-15T10:00:00Z,2024-01-15T10:00:00Z
eq_017,85' Straight Boom,aerial_equipment,85' Straight Boom,985,Houston TX,comp_001,"{""height"":""85 feet"",""horizontal_reach"":""50 feet"",""platform_capacity"":""500 lbs"",""power"":""diesel"",""drive"":""4WD"",""group"":""BS85"",""make"":""GE"",""manufacturer"":""Genie/JLG"",""model"":""S-85/860SJ""}","{""certifications"":[""ANSI A92"",""CE Marking""],""safetyRating"":""A"",""lastInspection"":""2024-11-01""}",available,,"{""primary"":""https://images.unsplash.com/photo-1581092921461-eab62e97a780?w=400&h=300&fit=crop""}",2024-01-15T10:00:00Z,2024-01-15T10:00:00Z
eq_018,125' Straight Boom,aerial_equipment,125' Straight Boom,1385,Houston TX,comp_001,"{""height"":""125 feet"",""horizontal_reach"":""75 feet"",""platform_capacity"":""500 lbs"",""power"":""diesel"",""drive"":""4WD"",""group"":""BS125"",""make"":""GE"",""manufacturer"":""Genie"",""model"":""S-125""}","{""certifications"":[""ANSI A92"",""CE Marking""],""safetyRating"":""A+"",""lastInspection"":""2024-11-01""}",available,,"{""primary"":""https://images.unsplash.com/photo-1581092921461-eab62e97a780?w=400&h=300&fit=crop""}",2024-01-15T10:00:00Z,2024-01-15T10:00:00Z
eq_019,6000 lb Construction Forklift,forklifts,6000 lb. Construction Straight Mast,385,Beaumont TX,comp_002,"{""lift_capacity"":""6000 lbs"",""mast_type"":""straight"",""power"":""diesel"",""drive"":""4WD"",""group"":""RTF6"",""make"":""CS"",""manufacturer"":""Case"",""model"":""586G""}","{""certifications"":[""OSHA Compliant"",""ANSI B56.1""],""safetyRating"":""A"",""lastInspection"":""2024-10-15""}",available,,"{""primary"":""https://images.unsplash.com/photo-1578662996442-48f60103fc96?w=400&h=300&fit=crop""}",2024-01-15T10:00:00Z,2024-01-15T10:00:00Z
eq_020,8000 lb Construction Forklift,forklifts,8000 lb. Construction Straight Mast,425,Beaumont TX,comp_002,"{""lift_capacity"":""8000 lbs"",""mast_type"":""straight"",""power"":""diesel"",""drive"":""4WD"",""group"":""RTF8"",""make"":""CS"",""manufacturer"":""Case"",""model"":""588G""}","{""certifications"":[""OSHA Compliant"",""ANSI B56.1""],""safetyRating"":""A"",""lastInspection"":""2024-10-15""}",available,,"{""primary"":""https://images.unsplash.com/photo-1578662996442-48f60103fc96?w=400&h=300&fit=crop""}",2024-01-15T10:00:00Z,2024-01-15T10:00:00Z
eq_021,5000lb 18' Hi Reach Forklift,forklifts,5000lb/ 18' Foot Hi Reach Forklift,485,Corpus Christi TX,comp_004,"{""lift_capacity"":""5000 lbs"",""max_height"":""18 feet"",""power"":""diesel"",""drive"":""4WD"",""group"":""5K18"",""make"":""GE"",""manufacturer"":""Genie"",""model"":""GT-5519""}","{""certifications"":[""OSHA Compliant"",""ANSI B56.1""],""safetyRating"":""A"",""lastInspection"":""2024-09-20""}",available,,"{""primary"":""https://images.unsplash.com/photo-1578662996442-48f60103fc96?w=400&h=300&fit=crop""}",2024-01-15T10:00:00Z,2024-01-15T10:00:00Z
eq_022,6000lb 36' Hi Reach Forklift,forklifts,6000lb/ 36' Foot Hi Reach Forklift,625,Corpus Christi TX,comp_004,"{""lift_capacity"":""6000 lbs"",""max_height"":""36 feet"",""power"":""diesel"",""drive"":""4WD"",""group"":""6K36"",""make"":""ST"",""manufacturer"":""Skytrak"",""model"":""6036""}","{""certifications"":[""OSHA Compliant"",""ANSI B56.1""],""safetyRating"":""A"",""lastInspection"":""2024-09-20""}",rented,2024-12-18T08:00:00Z,"{""primary"":""https://images.unsplash.com/photo-1578662996442-48f60103fc96?w=400&h=300&fit=crop""}",2024-01-15T10:00:00Z,2024-01-15T10:00:00Z
eq_023,8000lb 42' Hi Reach Forklift,forklifts,8000lb/ 42' Foot Hi Reach Forklift,725,Corpus Christi TX,comp_004,"{""lift_capacity"":""8000 lbs"",""max_height"":""42 feet"",""power"":""diesel"",""drive"":""4WD"",""group"":""8K42"",""make"":""ST"",""manufacturer"":""Skytrak"",""model"":""8042""}","{""certifications"":[""OSHA Compliant"",""ANSI B56.1""],""safetyRating"":""A"",""lastInspection"":""2024-09-20""}",available,,"{""primary"":""https://images.unsplash.com/photo-1578662996442-48f60103fc96?w=400&h=300&fit=crop""}",2024-01-15T10:00:00Z,2024-01-15T10:00:00Z
eq_024,10000lb 55' Hi Reach Forklift,forklifts,10000lb/ 55' Foot Hi Reach Forklift,885,Corpus Christi TX,comp_004,"{""lift_capacity"":""10000 lbs"",""max_height"":""55 feet"",""power"":""diesel"",""drive"":""4WD"",""group"":""10K54"",""make"":""JL"",""manufacturer"":""JLG / Skytrak"",""model"":""G10-55A/100054""}","{""certifications"":[""OSHA Compliant"",""ANSI B56.1""],""safetyRating"":""A+"",""lastInspection"":""2024-09-20""}",available,,"{""primary"":""https://images.unsplash.com/photo-1578662996442-48f60103fc96?w=400&h=300&fit=crop""}",2024-01-15T10:00:00Z,2024-01-15T10:00:00Z
eq_025,12000lb 55' Hi Reach Forklift,forklifts,12000lb/ 55' Foot Hi Reach Forklift,985,Corpus Christi TX,comp_004,"{""lift_capacity"":""12000 lbs"",""max_height"":""55 feet"",""power"":""diesel"",""drive"":""4WD"",""group"":""12K55"",""make"":""JL"",""manufacturer"":""JLG"",""model"":""G12-55A""}","{""certifications"":[""OSHA Compliant"",""ANSI B56.1""],""safetyRating"":""A+"",""lastInspection"":""2024-09-20""}",available,,"{""primary"":""https://images.unsplash.com/photo-1578662996442-48f60103fc96?w=400&h=300&fit=crop""}",2024-01-15T10:00:00Z,2024-01-15T10:00:00Z
eq_026,15000lb 44' Hi Reach Forklift,forklifts,15000lb/ 44' Foot Hi Reach Forklift,925,Corpus Christi TX,comp_004,"{""lift_capacity"":""15000 lbs"",""max_height"":""44 feet"",""power"":""diesel"",""drive"":""4WD"",""group"":""12K44"",""make"":""JL"",""manufacturer"":""Genie"",""model"":""15055""}","{""certifications"":[""OSHA Compliant"",""ANSI B56.1""],""safetyRating"":""A+"",""lastInspection"":""2024-09-20""}",available,,"{""primary"":""https://images.unsplash.com/photo-1578662996442-48f60103fc96?w=400&h=300&fit=crop""}",2024-01-15T10:00:00Z,2024-01-15T10:00:00Z
eq_027,Case 570MXT Track Loader,heavy_machinery,Case 570MXT 4X Boxblade,485,Houston TX,comp_001,"{""operating_weight"":""15000 lbs"",""engine_power"":""74 hp"",""bucket_capacity"":""2.1 cu yd"",""drive"":""track"",""group"":""TL"",""make"":""CS"",""manufacturer"":""Case"",""model"":""570MXT""}","{""certifications"":[""OSHA Compliant"",""EPA Tier 4""],""safetyRating"":""A"",""lastInspection"":""2024-11-01""}",available,,"{""primary"":""https://images.unsplash.com/photo-1504307651254-35680f356dfd?w=400&h=300&fit=crop""}",2024-01-15T10:00:00Z,2024-01-15T10:00:00Z
eq_028,2WD Standard Backhoe,heavy_machinery,2WD Standard CANOPY,525,Houston TX,comp_001,"{""operating_weight"":""18500 lbs"",""engine_power"":""97 hp"",""dig_depth"":""18 ft 1 in"",""drive"":""2WD"",""group"":""BH2"",""make"":""CS"",""manufacturer"":""Case"",""model"":""580N""}","{""certifications"":[""OSHA Compliant"",""EPA Tier 4""],""safetyRating"":""A"",""lastInspection"":""2024-11-01""}",available,,"{""primary"":""https://images.unsplash.com/photo-1504307651254-35680f356dfd?w=400&h=300&fit=crop""}",2024-01-15T10:00:00Z,2024-01-15T10:00:00Z
eq_029,4WD Standard Backhoe,heavy_machinery,4WD Standard CANOPY,585,Houston TX,comp_001,"{""operating_weight"":""18500 lbs"",""engine_power"":""97 hp"",""dig_depth"":""18 ft 1 in"",""drive"":""4WD"",""group"":""BH4"",""make"":""CS"",""manufacturer"":""Case"",""model"":""580N""}","{""certifications"":[""OSHA Compliant"",""EPA Tier 4""],""safetyRating"":""A"",""lastInspection"":""2024-11-01""}",rented,2024-12-22T08:00:00Z,"{""primary"":""https://images.unsplash.com/photo-1504307651254-35680f356dfd?w=400&h=300&fit=crop""}",2024-01-15T10:00:00Z,2024-01-15T10:00:00Z
eq_030,Hydraulic Breaker Attachment,heavy_machinery,Backhoe Hydraulic Breaker (Attachment),185,Houston TX,comp_001,"{""impact_rate"":""350-600 BPM"",""weight"":""1250 lbs"",""compatible_excavators"":""15-25 ton"",""group"":""BHX"",""make"":""ZZ"",""manufacturer"":""Striker"",""model"":""6M""}","{""certifications"":[""OSHA Compliant""],""safetyRating"":""A"",""lastInspection"":""2024-11-01""}",available,,"{""primary"":""https://images.unsplash.com/photo-1504307651254-35680f356dfd?w=400&h=300&fit=crop""}",2024-01-15T10:00:00Z,2024-01-15T10:00:00Z
eq_031,1300 lbs Skid Steer,heavy_machinery,1300 lbs. Load Capacity (46 hp),285,Beaumont TX,comp_002,"{""operating_capacity"":""1300 lbs"",""engine_power"":""46 hp"",""operating_weight"":""6085 lbs"",""drive"":""rubber tire"",""group"":""SL1"",""make"":""CS"",""manufacturer"":""Case"",""model"":""SR130""}","{""certifications"":[""OSHA Compliant"",""EPA Tier 4""],""safetyRating"":""A"",""lastInspection"":""2024-10-15""}",available,,"{""primary"":""https://images.unsplash.com/photo-1504307651254-35680f356dfd?w=400&h=300&fit=crop""}",2024-01-15T10:00:00Z,2024-01-15T10:00:00Z
eq_032,1600 lbs Skid Steer,heavy_machinery,1600 lbs. Load Capacity (46 hp),315,Beaumont TX,comp_002,"{""operating_capacity"":""1600 lbs"",""engine_power"":""46 hp"",""operating_weight"":""6350 lbs"",""drive"":""rubber tire"",""group"":""SL2"",""make"":""CS"",""manufacturer"":""Case"",""model"":""SR160""}","{""certifications"":[""OSHA Compliant"",""EPA Tier 4""],""safetyRating"":""A"",""lastInspection"":""2024-10-15""}",available,,"{""primary"":""https://images.unsplash.com/photo-1504307651254-35680f356dfd?w=400&h=300&fit=crop""}",2024-01-15T10:00:00Z,2024-01-15T10:00:00Z
eq_033,1750 lbs Skid Steer,heavy_machinery,1750 lbs. Load Capacity (46 hp),335,Beaumont TX,comp_002,"{""operating_capacity"":""1750 lbs"",""engine_power"":""46 hp"",""operating_weight"":""6800 lbs"",""drive"":""rubber tire"",""group"":""SL2"",""make"":""CS"",""manufacturer"":""Case"",""model"":""SR175""}","{""certifications"":[""OSHA Compliant"",""EPA Tier 4""],""safetyRating"":""A"",""lastInspection"":""2024-10-15""}",available,,"{""primary"":""https://images.unsplash.com/photo-1504307651254-35680f356dfd?w=400&h=300&fit=crop""}",2024-01-15T10:00:00Z,2024-01-15T10:00:00Z
eq_034,1850 lbs Skid Steer,heavy_machinery,1850 lbs. Load Capacity (56 hp),355,Beaumont TX,comp_002,"{""operating_capacity"":""1850 lbs"",""engine_power"":""56 hp"",""operating_weight"":""7200 lbs"",""drive"":""rubber tire"",""group"":""SL2"",""make"":""CS"",""manufacturer"":""Case"",""model"":""SV185""}","{""certifications"":[""OSHA Compliant"",""EPA Tier 4""],""safetyRating"":""A"",""lastInspection"":""2024-10-15""}",available,,"{""primary"":""https://images.unsplash.com/photo-1504307651254-35680f356dfd?w=400&h=300&fit=crop""}",2024-01-15T10:00:00Z,2024-01-15T10:00:00Z
eq_035,2500 lbs Skid Steer,heavy_machinery,2500 lbs. Load Capacity (75 hp),425,Beaumont TX,comp_002,"{""operating_capacity"":""2500 lbs"",""engine_power"":""75 hp"",""operating_weight"":""8500 lbs"",""drive"":""rubber tire"",""group"":""SL2"",""make"":""CS"",""manufacturer"":""Case"",""model"":""SV250""}","{""certifications"":[""OSHA Compliant"",""EPA Tier 4""],""safetyRating"":""A"",""lastInspection"":""2024-10-15""}",rented,2024-12-12T08:00:00Z,"{""primary"":""https://images.unsplash.com/photo-1504307651254-35680f356dfd?w=400&h=300&fit=crop""}",2024-01-15T10:00:00Z,2024-01-15T10:00:00Z
eq_036,3000 lbs Skid Steer,heavy_machinery,3000 lbs. Load Capacity (81 hp),485,Beaumont TX,comp_002,"{""operating_capacity"":""3000 lbs"",""engine_power"":""81 hp"",""operating_weight"":""9200 lbs"",""drive"":""rubber tire"",""group"":""SL3"",""make"":""CS"",""manufacturer"":""Case"",""model"":""SV300""}","{""certifications"":[""OSHA Compliant"",""EPA Tier 4""],""safetyRating"":""A"",""lastInspection"":""2024-10-15""}",available,,"{""primary"":""https://images.unsplash.com/photo-1504307651254-35680f356dfd?w=400&h=300&fit=crop""}",2024-01-15T10:00:00Z,2024-01-15T10:00:00Z
eq_037,185 CFM Air Compressor,air_compressors,185 CFM/102 PSI,125,Houston TX,comp_001,"{""air_flow"":""185 CFM"",""pressure"":""102 PSI"",""power"":""diesel"",""group"":""AC185"",""manufacturer"":""Chicago"",""model"":""CPS 185""}","{""certifications"":[""OSHA Compliant"",""ASME""],""safetyRating"":""A"",""lastInspection"":""2024-11-01""}",available,,"{""primary"":""https://images.unsplash.com/photo-1488590528505-98d2b5aba04b?w=400&h=300&fit=crop""}",2024-01-15T10:00:00Z,2024-01-15T10:00:00Z
eq_038,375 CFM Air Compressor,air_compressors,375 CFM/100 PSI,185,Houston TX,comp_001,"{""air_flow"":""375 CFM"",""pressure"":""100 PSI"",""power"":""diesel"",""group"":""AC375"",""manufacturer"":""Chicago"",""model"":""CPS 375""}","{""certifications"":[""OSHA Compliant"",""ASME""],""safetyRating"":""A"",""lastInspection"":""2024-11-01""}",available,,"{""primary"":""https://images.unsplash.com/photo-1488590528505-98d2b5aba04b?w=400&h=300&fit=crop""}",2024-01-15T10:00:00Z,2024-01-15T10:00:00Z
eq_039,400 CFM Air Compressor,air_compressors,400 CFM,225,Houston TX,comp_001,"{""air_flow"":""400 CFM"",""power"":""diesel"",""group"":""AC400"",""manufacturer"":""Chicago"",""model"":""CPS 400""}","{""certifications"":[""OSHA Compliant"",""ASME""],""safetyRating"":""A"",""lastInspection"":""2024-11-01""}",available,,"{""primary"":""https://images.unsplash.com/photo-1488590528505-98d2b5aba04b?w=400&h=300&fit=crop""}",2024-01-15T10:00:00Z,2024-01-15T10:00:00Z
eq_040,425 CFM Air Compressor,air_compressors,375-425 CFM/200 PSI,285,Beaumont TX,comp_002,"{""air_flow"":""425 CFM"",""pressure"":""200 PSI"",""power"":""diesel"",""group"":""AC425"",""manufacturer"":""Caterpillar"",""model"":""CAT 425""}","{""certifications"":[""OSHA Compliant"",""ASME""],""safetyRating"":""A"",""lastInspection"":""2024-10-15""}",rented,2024-12-08T08:00:00Z,"{""primary"":""https://images.unsplash.com/photo-1488590528505-98d2b5aba04b?w=400&h=300&fit=crop""}",2024-01-15T10:00:00Z,2024-01-15T10:00:00Z
eq_041,900 CFM Air Compressor,air_compressors,900 CFM/150 PSI,485,Beaumont TX,comp_002,"{""air_flow"":""900 CFM"",""pressure"":""150 PSI"",""power"":""diesel"",""group"":""AC900"",""manufacturer"":""Caterpillar"",""model"":""CAT 900""}","{""certifications"":[""OSHA Compliant"",""ASME""],""safetyRating"":""A+"",""lastInspection"":""2024-10-15""}",available,,"{""primary"":""https://images.unsplash.com/photo-1488590528505-98d2b5aba04b?w=400&h=300&fit=crop""}",2024-01-15T10:00:00Z,2024-01-15T10:00:00Z
eq_042,1600 CFM Air Compressor,air_compressors,1600 CFM/150 PSI,685,Beaumont TX,comp_002,"{""air_flow"":""1600 CFM"",""pressure"":""150 PSI"",""power"":""diesel"",""group"":""AC1600"",""manufacturer"":""Caterpillar"",""model"":""CAT 1600""}","{""certifications"":[""OSHA Compliant"",""ASME""],""safetyRating"":""A+"",""lastInspection"":""2024-10-15""}",available,,"{""primary"":""https://images.unsplash.com/photo-1488590528505-98d2b5aba04b?w=400&h=300&fit=crop""}",2024-01-15T10:00:00Z,2024-01-15T10:00:00Z
eq_043,3000W Light Tower,light_towers,3000 watt Light Tower/30' Mast/6 KW,185,Port Arthur TX,comp_003,"{""wattage"":""3000W"",""mast_height"":""30 feet"",""generator"":""6 KW"",""runtime"":""10-12 hours"",""group"":""LT30"",""manufacturer"":""Magnum"",""model"":""3060""}","{""certifications"":[""OSHA Compliant"",""DOT""],""safetyRating"":""A"",""lastInspection"":""2024-09-20""}",available,,"{""primary"":""https://images.unsplash.com/photo-1588345921523-c2dcdb7f1dcd?w=400&h=300&fit=crop""}",2024-01-15T10:00:00Z,2024-01-15T10:00:00Z
eq_044,4000W Light Tower,light_towers,4000 watt Light Tower/30' Mast/10.5 KW,225,Port Arthur TX,comp_003,"{""wattage"":""4000W"",""mast_height"":""30 feet"",""generator"":""10.5 KW"",""runtime"":""8-10 hours"",""group"":""LT40"",""manufacturer"":""Magnum"",""model"":""4060""}","{""certifications"":[""OSHA Compliant"",""DOT""],""safetyRating"":""A"",""lastInspection"":""2024-09-20""}",available,,"{""primary"":""https://images.unsplash.com/photo-1588345921523-c2dcdb7f1dcd?w=400&h=300&fit=crop""}",2024-01-15T10:00:00Z,2024-01-15T10:00:00Z
eq_045,2" Trash Pump,pumps,2" Trash Pump,85,Corpus Christi TX,comp_004,"{""inlet_size"":""2 inch"",""pump_type"":""trash"",""flow_rate"":""150 GPM"",""head"":""80 feet"",""group"":""WPT2"",""manufacturer"":""Wacker""}","{""certifications"":[""OSHA Compliant""],""safetyRating"":""A"",""lastInspection"":""2024-09-20""}",available,,"{""primary"":""https://images.unsplash.com/photo-1506905925346-21bda4d32df4?w=400&h=300&fit=crop""}",2024-01-15T10:00:00Z,2024-01-15T10:00:00Z
eq_046,3" Trash Pump,pumps,3" Trash Pump,125,Corpus Christi TX,comp_004,"{""inlet_size"":""3 inch"",""pump_type"":""trash"",""flow_rate"":""250 GPM"",""head"":""75 feet"",""group"":""WPT3"",""manufacturer"":""Wacker""}","{""certifications"":[""OSHA Compliant""],""safetyRating"":""A"",""lastInspection"":""2024-09-20""}",rented,2024-12-14T08:00:00Z,"{""primary"":""https://images.unsplash.com/photo-1506905925346-21bda4d32df4?w=400&h=300&fit=crop""}",2024-01-15T10:00:00Z,2024-01-15T10:00:00Z
eq_047,4" Trash Pump,pumps,4" Trash Pump,165,Corpus Christi TX,comp_004,"{""inlet_size"":""4 inch"",""pump_type"":""trash"",""flow_rate"":""400 GPM"",""head"":""70 feet"",""group"":""WPT4"",""manufacturer"":""Wacker""}","{""certifications"":[""OSHA Compliant""],""safetyRating"":""A"",""lastInspection"":""2024-09-20""}",available,,"{""primary"":""https://images.unsplash.com/photo-1506905925346-21bda4d32df4?w=400&h=300&fit=crop""}",2024-01-15T10:00:00Z,2024-01-15T10:00:00Z
eq_048,6" Trash Pump,pumps,6" Trash Pump,225,Corpus Christi TX,comp_004,"{""inlet_size"":""6 inch"",""pump_type"":""trash"",""flow_rate"":""800 GPM"",""head"":""65 feet"",""group"":""WPT6"",""manufacturer"":""Wacker""}","{""certifications"":[""OSHA Compliant""],""safetyRating"":""A"",""lastInspection"":""2024-09-20""}",available,,"{""primary"":""https://images.unsplash.com/photo-1506905925346-21bda4d32df4?w=400&h=300&fit=crop""}",2024-01-15T10:00:00Z,2024-01-15T10:00:00Z
eq_049,2" Submersible Pump,pumps,2" Submersible Trash Pump,125,Corpus Christi TX,comp_004,"{""inlet_size"":""2 inch"",""pump_type"":""submersible trash"",""flow_rate"":""120 GPM"",""head"":""60 feet"",""group"":""WPS2"",""manufacturer"":""Wacker""}","{""certifications"":[""OSHA Compliant""],""safetyRating"":""A"",""lastInspection"":""2024-09-20""}",available,,"{""primary"":""https://images.unsplash.com/photo-1506905925346-21bda4d32df4?w=400&h=300&fit=crop""}",2024-01-15T10:00:00Z,2024-01-15T10:00:00Z
eq_050,8.5 Ton Carry Deck Crane,cranes,8.5 Ton/28' Vertical Reach/20' Horizontal Reach,685,Houston TX,comp_001,"{""lift_capacity"":""8.5 tons"",""vertical_reach"":""28 feet"",""horizontal_reach"":""20 feet"",""group"":""CD08"",""manufacturer"":""Broderson"",""model"":""IC80""}","{""certifications"":[""OSHA"",""NCCCO"",""API-2C""],""safetyRating"":""A+"",""lastInspection"":""2024-11-01""}",available,,"{""primary"":""https://images.unsplash.com/photo-1504307651254-35680f356dfd?w=400&h=300&fit=crop""}",2024-01-15T10:00:00Z,2024-01-15T10:00:00Z